time,f1,f2,f3,f4,COPx,COPy,W,W_sync
1766585416.8375556,-0.8504420518875122,1.0615167617797852,-1.1060714721679688,1.0492863655090332,0.0,0.0,0.1542896032333374,1
