time,f1,f2,f3,f4,COPx,COPy,W,W_sync
1766585424.283517,3.2021942138671875,0.867201566696167,0.10546684265136719,1.9648323059082031,-19.128314971923828,6.83764123916626,6.139695167541504,1
